<?xml version="1.0" encoding="UTF-8"?>
<project-private xmlns="http://www.netbeans.org/ns/project-private/1">
    <editor-bookmarks xmlns="http://www.netbeans.org/ns/editor-bookmarks/2" lastBookmarkId="0"/>
    <open-files xmlns="http://www.netbeans.org/ns/projectui-open-files/2">
        <group>
            <file>file:/C:/xampp/htdocs/PhpProject1/loginvalid.php</file>
            <file>file:/C:/xampp/htdocs/PhpProject1/confirmcc.php</file>
            <file>file:/C:/xampp/htdocs/PhpProject1/validate.php</file>
            <file>file:/C:/xampp/htdocs/PhpProject1/checkout.php</file>
            <file>file:/C:/xampp/htdocs/PhpProject1/login.php</file>
            <file>file:/C:/xampp/htdocs/PhpProject1/invalidlogin.php</file>
        </group>
    </open-files>
</project-private>
